{"version":"4.0.6","xmlns":null,"assembly":"ClientAppsIntegration.MAUI","types":[{"name":"App","type":"ClientAppsIntegration.MAUI.App","doc":null,"attributes":[{"name":"RequestedThemeChanged","type":"Microsoft.Maui.Controls.Application.EventHandler\u00601","isEvent":true},{"name":"ModalPopped","type":"Microsoft.Maui.Controls.Application.EventHandler\u00601","isEvent":true},{"name":"ModalPopping","type":"Microsoft.Maui.Controls.Application.EventHandler\u00601","isEvent":true},{"name":"ModalPushed","type":"Microsoft.Maui.Controls.Application.EventHandler\u00601","isEvent":true},{"name":"ModalPushing","type":"Microsoft.Maui.Controls.Application.EventHandler\u00601","isEvent":true},{"name":"PageAppearing","type":"Microsoft.Maui.Controls.Application.EventHandler\u00601","isEvent":true},{"name":"PageDisappearing","type":"Microsoft.Maui.Controls.Application.EventHandler\u00601","isEvent":true},{"name":"ChildAdded","type":"Microsoft.Maui.Controls.Element.EventHandler\u00601","isEvent":true},{"name":"ChildRemoved","type":"Microsoft.Maui.Controls.Element.EventHandler\u00601","isEvent":true},{"name":"DescendantAdded","type":"Microsoft.Maui.Controls.Element.EventHandler\u00601","isEvent":true},{"name":"DescendantRemoved","type":"Microsoft.Maui.Controls.Element.EventHandler\u00601","isEvent":true},{"name":"ParentChanging","type":"Microsoft.Maui.Controls.Element.EventHandler\u00601","isEvent":true},{"name":"ParentChanged","type":"Microsoft.Maui.Controls.Element.EventHandler","isEvent":true},{"name":"HandlerChanging","type":"Microsoft.Maui.Controls.Element.EventHandler\u00601","isEvent":true},{"name":"HandlerChanged","type":"Microsoft.Maui.Controls.Element.EventHandler","isEvent":true},{"name":"PropertyChanged","type":"Microsoft.Maui.Controls.BindableObject.PropertyChangedEventHandler","isEvent":true},{"name":"PropertyChanging","type":"Microsoft.Maui.Controls.BindableObject.PropertyChangingEventHandler","isEvent":true},{"name":"BindingContextChanged","type":"Microsoft.Maui.Controls.BindableObject.EventHandler","isEvent":true},{"name":"AppLinks","type":"Microsoft.Maui.Controls.Application.AppLinks"},{"name":"MainPage","type":"Microsoft.Maui.Controls.Application.MainPage"},{"name":"Resources","type":"Microsoft.Maui.Controls.Application.Resources"},{"name":"UserAppTheme","type":"Microsoft.Maui.Controls.Application.UserAppTheme","values":[{"name":"value__","type":"Microsoft.Maui.ApplicationModel.AppTheme.value__"},{"name":"Unspecified","type":"Microsoft.Maui.ApplicationModel.AppTheme.Unspecified"},{"name":"Light","type":"Microsoft.Maui.ApplicationModel.AppTheme.Light"},{"name":"Dark","type":"Microsoft.Maui.ApplicationModel.AppTheme.Dark"}]},{"name":"PlatformAppTheme","type":"Microsoft.Maui.Controls.Application.PlatformAppTheme","values":[{"name":"value__","type":"Microsoft.Maui.ApplicationModel.AppTheme.value__"},{"name":"Unspecified","type":"Microsoft.Maui.ApplicationModel.AppTheme.Unspecified"},{"name":"Light","type":"Microsoft.Maui.ApplicationModel.AppTheme.Light"},{"name":"Dark","type":"Microsoft.Maui.ApplicationModel.AppTheme.Dark"}]},{"name":"RequestedTheme","type":"Microsoft.Maui.Controls.Application.RequestedTheme","values":[{"name":"value__","type":"Microsoft.Maui.ApplicationModel.AppTheme.value__"},{"name":"Unspecified","type":"Microsoft.Maui.ApplicationModel.AppTheme.Unspecified"},{"name":"Light","type":"Microsoft.Maui.ApplicationModel.AppTheme.Light"},{"name":"Dark","type":"Microsoft.Maui.ApplicationModel.AppTheme.Dark"}]},{"name":"Windows","type":"Microsoft.Maui.Controls.Application.Windows"},{"name":"AutomationId","type":"Microsoft.Maui.Controls.Element.AutomationId"},{"name":"ClassId","type":"Microsoft.Maui.Controls.Element.ClassId"},{"name":"Effects","type":"Microsoft.Maui.Controls.Element.Effects"},{"name":"Id","type":"Microsoft.Maui.Controls.Element.Id","values":[{"name":"Empty","type":"System.Guid.Empty"}]},{"name":"StyleId","type":"Microsoft.Maui.Controls.Element.StyleId"},{"name":"Parent","type":"Microsoft.Maui.Controls.Element.Parent"},{"name":"Handler","type":"Microsoft.Maui.Controls.Element.Handler"},{"name":"Dispatcher","type":"Microsoft.Maui.Controls.BindableObject.Dispatcher"},{"name":"BindingContext","type":"Microsoft.Maui.Controls.BindableObject.BindingContext"}]},{"name":"AppShell","type":"ClientAppsIntegration.MAUI.AppShell","doc":null,"attributes":[{"name":"Navigated","type":"Microsoft.Maui.Controls.Shell.EventHandler\u00601","isEvent":true},{"name":"Navigating","type":"Microsoft.Maui.Controls.Shell.EventHandler\u00601","isEvent":true},{"name":"LayoutChanged","type":"Microsoft.Maui.Controls.Page.EventHandler","isEvent":true},{"name":"Appearing","type":"Microsoft.Maui.Controls.Page.EventHandler","isEvent":true},{"name":"Disappearing","type":"Microsoft.Maui.Controls.Page.EventHandler","isEvent":true},{"name":"NavigatedTo","type":"Microsoft.Maui.Controls.Page.EventHandler\u00601","isEvent":true},{"name":"NavigatingFrom","type":"Microsoft.Maui.Controls.Page.EventHandler\u00601","isEvent":true},{"name":"NavigatedFrom","type":"Microsoft.Maui.Controls.Page.EventHandler\u00601","isEvent":true},{"name":"ChildrenReordered","type":"Microsoft.Maui.Controls.VisualElement.EventHandler","isEvent":true},{"name":"Focused","type":"Microsoft.Maui.Controls.VisualElement.EventHandler\u00601","isEvent":true},{"name":"MeasureInvalidated","type":"Microsoft.Maui.Controls.VisualElement.EventHandler","isEvent":true},{"name":"SizeChanged","type":"Microsoft.Maui.Controls.VisualElement.EventHandler","isEvent":true},{"name":"Unfocused","type":"Microsoft.Maui.Controls.VisualElement.EventHandler\u00601","isEvent":true},{"name":"Loaded","type":"Microsoft.Maui.Controls.VisualElement.EventHandler","isEvent":true},{"name":"Unloaded","type":"Microsoft.Maui.Controls.VisualElement.EventHandler","isEvent":true},{"name":"ChildAdded","type":"Microsoft.Maui.Controls.Element.EventHandler\u00601","isEvent":true},{"name":"ChildRemoved","type":"Microsoft.Maui.Controls.Element.EventHandler\u00601","isEvent":true},{"name":"DescendantAdded","type":"Microsoft.Maui.Controls.Element.EventHandler\u00601","isEvent":true},{"name":"DescendantRemoved","type":"Microsoft.Maui.Controls.Element.EventHandler\u00601","isEvent":true},{"name":"ParentChanging","type":"Microsoft.Maui.Controls.Element.EventHandler\u00601","isEvent":true},{"name":"ParentChanged","type":"Microsoft.Maui.Controls.Element.EventHandler","isEvent":true},{"name":"HandlerChanging","type":"Microsoft.Maui.Controls.Element.EventHandler\u00601","isEvent":true},{"name":"HandlerChanged","type":"Microsoft.Maui.Controls.Element.EventHandler","isEvent":true},{"name":"PropertyChanged","type":"Microsoft.Maui.Controls.BindableObject.PropertyChangedEventHandler","isEvent":true},{"name":"PropertyChanging","type":"Microsoft.Maui.Controls.BindableObject.PropertyChangingEventHandler","isEvent":true},{"name":"BindingContextChanged","type":"Microsoft.Maui.Controls.BindableObject.EventHandler","isEvent":true},{"name":"CurrentPage","type":"Microsoft.Maui.Controls.Shell.CurrentPage"},{"name":"FlyoutVerticalScrollMode","type":"Microsoft.Maui.Controls.Shell.FlyoutVerticalScrollMode","values":[{"name":"value__","type":"Microsoft.Maui.Controls.ScrollMode.value__"},{"name":"Disabled","type":"Microsoft.Maui.Controls.ScrollMode.Disabled"},{"name":"Enabled","type":"Microsoft.Maui.Controls.ScrollMode.Enabled"},{"name":"Auto","type":"Microsoft.Maui.Controls.ScrollMode.Auto"}]},{"name":"FlyoutIcon","type":"Microsoft.Maui.Controls.Shell.FlyoutIcon"},{"name":"CurrentItem","type":"Microsoft.Maui.Controls.Shell.CurrentItem"},{"name":"CurrentState","type":"Microsoft.Maui.Controls.Shell.CurrentState"},{"name":"FlyoutBackgroundImage","type":"Microsoft.Maui.Controls.Shell.FlyoutBackgroundImage"},{"name":"FlyoutBackgroundImageAspect","type":"Microsoft.Maui.Controls.Shell.FlyoutBackgroundImageAspect","values":[{"name":"value__","type":"Microsoft.Maui.Aspect.value__"},{"name":"AspectFit","type":"Microsoft.Maui.Aspect.AspectFit"},{"name":"AspectFill","type":"Microsoft.Maui.Aspect.AspectFill"},{"name":"Fill","type":"Microsoft.Maui.Aspect.Fill"},{"name":"Center","type":"Microsoft.Maui.Aspect.Center"}]},{"name":"FlyoutBackgroundColor","type":"Microsoft.Maui.Controls.Shell.FlyoutBackgroundColor"},{"name":"FlyoutBackground","type":"Microsoft.Maui.Controls.Shell.FlyoutBackground"},{"name":"FlyoutBackdrop","type":"Microsoft.Maui.Controls.Shell.FlyoutBackdrop"},{"name":"FlyoutWidth","type":"Microsoft.Maui.Controls.Shell.FlyoutWidth"},{"name":"FlyoutHeight","type":"Microsoft.Maui.Controls.Shell.FlyoutHeight"},{"name":"FlyoutBehavior","type":"Microsoft.Maui.Controls.Shell.FlyoutBehavior","values":[{"name":"value__","type":"Microsoft.Maui.FlyoutBehavior.value__"},{"name":"Disabled","type":"Microsoft.Maui.FlyoutBehavior.Disabled"},{"name":"Flyout","type":"Microsoft.Maui.FlyoutBehavior.Flyout"},{"name":"Locked","type":"Microsoft.Maui.FlyoutBehavior.Locked"}]},{"name":"FlyoutHeader","type":"Microsoft.Maui.Controls.Shell.FlyoutHeader"},{"name":"FlyoutFooter","type":"Microsoft.Maui.Controls.Shell.FlyoutFooter"},{"name":"FlyoutHeaderBehavior","type":"Microsoft.Maui.Controls.Shell.FlyoutHeaderBehavior","values":[{"name":"value__","type":"Microsoft.Maui.Controls.FlyoutHeaderBehavior.value__"},{"name":"Default","type":"Microsoft.Maui.Controls.FlyoutHeaderBehavior.Default"},{"name":"Fixed","type":"Microsoft.Maui.Controls.FlyoutHeaderBehavior.Fixed"},{"name":"Scroll","type":"Microsoft.Maui.Controls.FlyoutHeaderBehavior.Scroll"},{"name":"CollapseOnScroll","type":"Microsoft.Maui.Controls.FlyoutHeaderBehavior.CollapseOnScroll"}]},{"name":"FlyoutHeaderTemplate","type":"Microsoft.Maui.Controls.Shell.FlyoutHeaderTemplate"},{"name":"FlyoutFooterTemplate","type":"Microsoft.Maui.Controls.Shell.FlyoutFooterTemplate"},{"name":"FlyoutIsPresented","type":"Microsoft.Maui.Controls.Shell.FlyoutIsPresented"},{"name":"Items","type":"Microsoft.Maui.Controls.Shell.Items"},{"name":"ItemTemplate","type":"Microsoft.Maui.Controls.Shell.ItemTemplate"},{"name":"MenuItemTemplate","type":"Microsoft.Maui.Controls.Shell.MenuItemTemplate"},{"name":"FlyoutItems","type":"Microsoft.Maui.Controls.Shell.FlyoutItems"},{"name":"FlyoutContent","type":"Microsoft.Maui.Controls.Shell.FlyoutContent"},{"name":"FlyoutContentTemplate","type":"Microsoft.Maui.Controls.Shell.FlyoutContentTemplate"},{"name":"BackgroundImageSource","type":"Microsoft.Maui.Controls.Page.BackgroundImageSource"},{"name":"IconImageSource","type":"Microsoft.Maui.Controls.Page.IconImageSource"},{"name":"IsBusy","type":"Microsoft.Maui.Controls.Page.IsBusy"},{"name":"Padding","type":"Microsoft.Maui.Controls.Page.Padding","values":[{"name":"Zero","type":"Microsoft.Maui.Thickness.Zero"}]},{"name":"Title","type":"Microsoft.Maui.Controls.Page.Title"},{"name":"ToolbarItems","type":"Microsoft.Maui.Controls.Page.ToolbarItems"},{"name":"MenuBarItems","type":"Microsoft.Maui.Controls.Page.MenuBarItems"},{"name":"Visual","type":"Microsoft.Maui.Controls.VisualElement.Visual"},{"name":"FlowDirection","type":"Microsoft.Maui.Controls.VisualElement.FlowDirection","values":[{"name":"value__","type":"Microsoft.Maui.FlowDirection.value__"},{"name":"MatchParent","type":"Microsoft.Maui.FlowDirection.MatchParent"},{"name":"LeftToRight","type":"Microsoft.Maui.FlowDirection.LeftToRight"},{"name":"RightToLeft","type":"Microsoft.Maui.FlowDirection.RightToLeft"}]},{"name":"Window","type":"Microsoft.Maui.Controls.VisualElement.Window"},{"name":"AnchorX","type":"Microsoft.Maui.Controls.VisualElement.AnchorX"},{"name":"AnchorY","type":"Microsoft.Maui.Controls.VisualElement.AnchorY"},{"name":"BackgroundColor","type":"Microsoft.Maui.Controls.VisualElement.BackgroundColor"},{"name":"Background","type":"Microsoft.Maui.Controls.VisualElement.Background"},{"name":"Behaviors","type":"Microsoft.Maui.Controls.VisualElement.Behaviors"},{"name":"Bounds","type":"Microsoft.Maui.Controls.VisualElement.Bounds","values":[{"name":"Zero","type":"Microsoft.Maui.Graphics.Rect.Zero"}]},{"name":"Height","type":"Microsoft.Maui.Controls.VisualElement.Height"},{"name":"HeightRequest","type":"Microsoft.Maui.Controls.VisualElement.HeightRequest"},{"name":"InputTransparent","type":"Microsoft.Maui.Controls.VisualElement.InputTransparent"},{"name":"IsEnabled","type":"Microsoft.Maui.Controls.VisualElement.IsEnabled"},{"name":"IsFocused","type":"Microsoft.Maui.Controls.VisualElement.IsFocused"},{"name":"IsVisible","type":"Microsoft.Maui.Controls.VisualElement.IsVisible"},{"name":"MinimumHeightRequest","type":"Microsoft.Maui.Controls.VisualElement.MinimumHeightRequest"},{"name":"MinimumWidthRequest","type":"Microsoft.Maui.Controls.VisualElement.MinimumWidthRequest"},{"name":"MaximumHeightRequest","type":"Microsoft.Maui.Controls.VisualElement.MaximumHeightRequest"},{"name":"MaximumWidthRequest","type":"Microsoft.Maui.Controls.VisualElement.MaximumWidthRequest"},{"name":"Opacity","type":"Microsoft.Maui.Controls.VisualElement.Opacity"},{"name":"Rotation","type":"Microsoft.Maui.Controls.VisualElement.Rotation"},{"name":"RotationX","type":"Microsoft.Maui.Controls.VisualElement.RotationX"},{"name":"RotationY","type":"Microsoft.Maui.Controls.VisualElement.RotationY"},{"name":"Scale","type":"Microsoft.Maui.Controls.VisualElement.Scale"},{"name":"ScaleX","type":"Microsoft.Maui.Controls.VisualElement.ScaleX"},{"name":"ScaleY","type":"Microsoft.Maui.Controls.VisualElement.ScaleY"},{"name":"TranslationX","type":"Microsoft.Maui.Controls.VisualElement.TranslationX"},{"name":"TranslationY","type":"Microsoft.Maui.Controls.VisualElement.TranslationY"},{"name":"Triggers","type":"Microsoft.Maui.Controls.VisualElement.Triggers"},{"name":"Width","type":"Microsoft.Maui.Controls.VisualElement.Width"},{"name":"WidthRequest","type":"Microsoft.Maui.Controls.VisualElement.WidthRequest"},{"name":"X","type":"Microsoft.Maui.Controls.VisualElement.X"},{"name":"Y","type":"Microsoft.Maui.Controls.VisualElement.Y"},{"name":"Clip","type":"Microsoft.Maui.Controls.VisualElement.Clip"},{"name":"Resources","type":"Microsoft.Maui.Controls.VisualElement.Resources"},{"name":"Frame","type":"Microsoft.Maui.Controls.VisualElement.Frame","values":[{"name":"Zero","type":"Microsoft.Maui.Graphics.Rect.Zero"}]},{"name":"Handler","type":"Microsoft.Maui.Controls.VisualElement.Handler"},{"name":"Shadow","type":"Microsoft.Maui.Controls.VisualElement.Shadow"},{"name":"ZIndex","type":"Microsoft.Maui.Controls.VisualElement.ZIndex"},{"name":"DesiredSize","type":"Microsoft.Maui.Controls.VisualElement.DesiredSize","values":[{"name":"Zero","type":"Microsoft.Maui.Graphics.Size.Zero"}]},{"name":"IsLoaded","type":"Microsoft.Maui.Controls.VisualElement.IsLoaded"},{"name":"Navigation","type":"Microsoft.Maui.Controls.NavigableElement.Navigation"},{"name":"Style","type":"Microsoft.Maui.Controls.NavigableElement.Style"},{"name":"StyleClass","type":"Microsoft.Maui.Controls.NavigableElement.StyleClass"},{"name":"class","type":"Microsoft.Maui.Controls.NavigableElement.class"},{"name":"AutomationId","type":"Microsoft.Maui.Controls.Element.AutomationId"},{"name":"ClassId","type":"Microsoft.Maui.Controls.Element.ClassId"},{"name":"Effects","type":"Microsoft.Maui.Controls.Element.Effects"},{"name":"Id","type":"Microsoft.Maui.Controls.Element.Id","values":[{"name":"Empty","type":"System.Guid.Empty"}]},{"name":"StyleId","type":"Microsoft.Maui.Controls.Element.StyleId"},{"name":"Parent","type":"Microsoft.Maui.Controls.Element.Parent"},{"name":"Handler","type":"Microsoft.Maui.Controls.Element.Handler"},{"name":"Dispatcher","type":"Microsoft.Maui.Controls.BindableObject.Dispatcher"},{"name":"BindingContext","type":"Microsoft.Maui.Controls.BindableObject.BindingContext"},{"name":"FlyoutItemIsVisible","type":"Microsoft.Maui.Controls.Shell.FlyoutItemIsVisible","isAttached":true},{"name":"MenuItemTemplate","type":"Microsoft.Maui.Controls.Shell.MenuItemTemplate","isAttached":true},{"name":"ItemTemplate","type":"Microsoft.Maui.Controls.Shell.ItemTemplate","isAttached":true},{"name":"BackButtonBehavior","type":"Microsoft.Maui.Controls.Shell.BackButtonBehavior","isAttached":true},{"name":"PresentationMode","type":"Microsoft.Maui.Controls.Shell.PresentationMode","values":[{"name":"value__","type":"Microsoft.Maui.Controls.PresentationMode.value__"},{"name":"NotAnimated","type":"Microsoft.Maui.Controls.PresentationMode.NotAnimated"},{"name":"Animated","type":"Microsoft.Maui.Controls.PresentationMode.Animated"},{"name":"Modal","type":"Microsoft.Maui.Controls.PresentationMode.Modal"},{"name":"ModalAnimated","type":"Microsoft.Maui.Controls.PresentationMode.ModalAnimated"},{"name":"ModalNotAnimated","type":"Microsoft.Maui.Controls.PresentationMode.ModalNotAnimated"}],"isAttached":true},{"name":"FlyoutBehavior","type":"Microsoft.Maui.Controls.Shell.FlyoutBehavior","values":[{"name":"value__","type":"Microsoft.Maui.FlyoutBehavior.value__"},{"name":"Disabled","type":"Microsoft.Maui.FlyoutBehavior.Disabled"},{"name":"Flyout","type":"Microsoft.Maui.FlyoutBehavior.Flyout"},{"name":"Locked","type":"Microsoft.Maui.FlyoutBehavior.Locked"}],"isAttached":true},{"name":"FlyoutWidth","type":"Microsoft.Maui.Controls.Shell.FlyoutWidth","isAttached":true},{"name":"FlyoutHeight","type":"Microsoft.Maui.Controls.Shell.FlyoutHeight","isAttached":true},{"name":"NavBarIsVisible","type":"Microsoft.Maui.Controls.Shell.NavBarIsVisible","isAttached":true},{"name":"NavBarHasShadow","type":"Microsoft.Maui.Controls.Shell.NavBarHasShadow","isAttached":true},{"name":"SearchHandler","type":"Microsoft.Maui.Controls.Shell.SearchHandler","isAttached":true},{"name":"TabBarIsVisible","type":"Microsoft.Maui.Controls.Shell.TabBarIsVisible","isAttached":true},{"name":"TitleView","type":"Microsoft.Maui.Controls.Shell.TitleView","isAttached":true},{"name":"BackgroundColor","type":"Microsoft.Maui.Controls.Shell.BackgroundColor","isAttached":true},{"name":"DisabledColor","type":"Microsoft.Maui.Controls.Shell.DisabledColor","isAttached":true},{"name":"ForegroundColor","type":"Microsoft.Maui.Controls.Shell.ForegroundColor","isAttached":true},{"name":"TabBarBackgroundColor","type":"Microsoft.Maui.Controls.Shell.TabBarBackgroundColor","isAttached":true},{"name":"TabBarDisabledColor","type":"Microsoft.Maui.Controls.Shell.TabBarDisabledColor","isAttached":true},{"name":"TabBarForegroundColor","type":"Microsoft.Maui.Controls.Shell.TabBarForegroundColor","isAttached":true},{"name":"TabBarTitleColor","type":"Microsoft.Maui.Controls.Shell.TabBarTitleColor","isAttached":true},{"name":"TabBarUnselectedColor","type":"Microsoft.Maui.Controls.Shell.TabBarUnselectedColor","isAttached":true},{"name":"TitleColor","type":"Microsoft.Maui.Controls.Shell.TitleColor","isAttached":true},{"name":"UnselectedColor","type":"Microsoft.Maui.Controls.Shell.UnselectedColor","isAttached":true},{"name":"FlyoutBackdrop","type":"Microsoft.Maui.Controls.Shell.FlyoutBackdrop","isAttached":true}]},{"name":"MainPage","type":"ClientAppsIntegration.MAUI.MainPage","doc":null,"attributes":[{"name":"LayoutChanged","type":"Microsoft.Maui.Controls.Page.EventHandler","isEvent":true},{"name":"Appearing","type":"Microsoft.Maui.Controls.Page.EventHandler","isEvent":true},{"name":"Disappearing","type":"Microsoft.Maui.Controls.Page.EventHandler","isEvent":true},{"name":"NavigatedTo","type":"Microsoft.Maui.Controls.Page.EventHandler\u00601","isEvent":true},{"name":"NavigatingFrom","type":"Microsoft.Maui.Controls.Page.EventHandler\u00601","isEvent":true},{"name":"NavigatedFrom","type":"Microsoft.Maui.Controls.Page.EventHandler\u00601","isEvent":true},{"name":"ChildrenReordered","type":"Microsoft.Maui.Controls.VisualElement.EventHandler","isEvent":true},{"name":"Focused","type":"Microsoft.Maui.Controls.VisualElement.EventHandler\u00601","isEvent":true},{"name":"MeasureInvalidated","type":"Microsoft.Maui.Controls.VisualElement.EventHandler","isEvent":true},{"name":"SizeChanged","type":"Microsoft.Maui.Controls.VisualElement.EventHandler","isEvent":true},{"name":"Unfocused","type":"Microsoft.Maui.Controls.VisualElement.EventHandler\u00601","isEvent":true},{"name":"Loaded","type":"Microsoft.Maui.Controls.VisualElement.EventHandler","isEvent":true},{"name":"Unloaded","type":"Microsoft.Maui.Controls.VisualElement.EventHandler","isEvent":true},{"name":"ChildAdded","type":"Microsoft.Maui.Controls.Element.EventHandler\u00601","isEvent":true},{"name":"ChildRemoved","type":"Microsoft.Maui.Controls.Element.EventHandler\u00601","isEvent":true},{"name":"DescendantAdded","type":"Microsoft.Maui.Controls.Element.EventHandler\u00601","isEvent":true},{"name":"DescendantRemoved","type":"Microsoft.Maui.Controls.Element.EventHandler\u00601","isEvent":true},{"name":"ParentChanging","type":"Microsoft.Maui.Controls.Element.EventHandler\u00601","isEvent":true},{"name":"ParentChanged","type":"Microsoft.Maui.Controls.Element.EventHandler","isEvent":true},{"name":"HandlerChanging","type":"Microsoft.Maui.Controls.Element.EventHandler\u00601","isEvent":true},{"name":"HandlerChanged","type":"Microsoft.Maui.Controls.Element.EventHandler","isEvent":true},{"name":"PropertyChanged","type":"Microsoft.Maui.Controls.BindableObject.PropertyChangedEventHandler","isEvent":true},{"name":"PropertyChanging","type":"Microsoft.Maui.Controls.BindableObject.PropertyChangingEventHandler","isEvent":true},{"name":"BindingContextChanged","type":"Microsoft.Maui.Controls.BindableObject.EventHandler","isEvent":true},{"name":"Content","type":"Microsoft.Maui.Controls.ContentPage.Content"},{"name":"HideSoftInputOnTapped","type":"Microsoft.Maui.Controls.ContentPage.HideSoftInputOnTapped"},{"name":"ControlTemplate","type":"Microsoft.Maui.Controls.TemplatedPage.ControlTemplate"},{"name":"BackgroundImageSource","type":"Microsoft.Maui.Controls.Page.BackgroundImageSource"},{"name":"IconImageSource","type":"Microsoft.Maui.Controls.Page.IconImageSource"},{"name":"IsBusy","type":"Microsoft.Maui.Controls.Page.IsBusy"},{"name":"Padding","type":"Microsoft.Maui.Controls.Page.Padding","values":[{"name":"Zero","type":"Microsoft.Maui.Thickness.Zero"}]},{"name":"Title","type":"Microsoft.Maui.Controls.Page.Title"},{"name":"ToolbarItems","type":"Microsoft.Maui.Controls.Page.ToolbarItems"},{"name":"MenuBarItems","type":"Microsoft.Maui.Controls.Page.MenuBarItems"},{"name":"Visual","type":"Microsoft.Maui.Controls.VisualElement.Visual"},{"name":"FlowDirection","type":"Microsoft.Maui.Controls.VisualElement.FlowDirection","values":[{"name":"value__","type":"Microsoft.Maui.FlowDirection.value__"},{"name":"MatchParent","type":"Microsoft.Maui.FlowDirection.MatchParent"},{"name":"LeftToRight","type":"Microsoft.Maui.FlowDirection.LeftToRight"},{"name":"RightToLeft","type":"Microsoft.Maui.FlowDirection.RightToLeft"}]},{"name":"Window","type":"Microsoft.Maui.Controls.VisualElement.Window"},{"name":"AnchorX","type":"Microsoft.Maui.Controls.VisualElement.AnchorX"},{"name":"AnchorY","type":"Microsoft.Maui.Controls.VisualElement.AnchorY"},{"name":"BackgroundColor","type":"Microsoft.Maui.Controls.VisualElement.BackgroundColor"},{"name":"Background","type":"Microsoft.Maui.Controls.VisualElement.Background"},{"name":"Behaviors","type":"Microsoft.Maui.Controls.VisualElement.Behaviors"},{"name":"Bounds","type":"Microsoft.Maui.Controls.VisualElement.Bounds","values":[{"name":"Zero","type":"Microsoft.Maui.Graphics.Rect.Zero"}]},{"name":"Height","type":"Microsoft.Maui.Controls.VisualElement.Height"},{"name":"HeightRequest","type":"Microsoft.Maui.Controls.VisualElement.HeightRequest"},{"name":"InputTransparent","type":"Microsoft.Maui.Controls.VisualElement.InputTransparent"},{"name":"IsEnabled","type":"Microsoft.Maui.Controls.VisualElement.IsEnabled"},{"name":"IsFocused","type":"Microsoft.Maui.Controls.VisualElement.IsFocused"},{"name":"IsVisible","type":"Microsoft.Maui.Controls.VisualElement.IsVisible"},{"name":"MinimumHeightRequest","type":"Microsoft.Maui.Controls.VisualElement.MinimumHeightRequest"},{"name":"MinimumWidthRequest","type":"Microsoft.Maui.Controls.VisualElement.MinimumWidthRequest"},{"name":"MaximumHeightRequest","type":"Microsoft.Maui.Controls.VisualElement.MaximumHeightRequest"},{"name":"MaximumWidthRequest","type":"Microsoft.Maui.Controls.VisualElement.MaximumWidthRequest"},{"name":"Opacity","type":"Microsoft.Maui.Controls.VisualElement.Opacity"},{"name":"Rotation","type":"Microsoft.Maui.Controls.VisualElement.Rotation"},{"name":"RotationX","type":"Microsoft.Maui.Controls.VisualElement.RotationX"},{"name":"RotationY","type":"Microsoft.Maui.Controls.VisualElement.RotationY"},{"name":"Scale","type":"Microsoft.Maui.Controls.VisualElement.Scale"},{"name":"ScaleX","type":"Microsoft.Maui.Controls.VisualElement.ScaleX"},{"name":"ScaleY","type":"Microsoft.Maui.Controls.VisualElement.ScaleY"},{"name":"TranslationX","type":"Microsoft.Maui.Controls.VisualElement.TranslationX"},{"name":"TranslationY","type":"Microsoft.Maui.Controls.VisualElement.TranslationY"},{"name":"Triggers","type":"Microsoft.Maui.Controls.VisualElement.Triggers"},{"name":"Width","type":"Microsoft.Maui.Controls.VisualElement.Width"},{"name":"WidthRequest","type":"Microsoft.Maui.Controls.VisualElement.WidthRequest"},{"name":"X","type":"Microsoft.Maui.Controls.VisualElement.X"},{"name":"Y","type":"Microsoft.Maui.Controls.VisualElement.Y"},{"name":"Clip","type":"Microsoft.Maui.Controls.VisualElement.Clip"},{"name":"Resources","type":"Microsoft.Maui.Controls.VisualElement.Resources"},{"name":"Frame","type":"Microsoft.Maui.Controls.VisualElement.Frame","values":[{"name":"Zero","type":"Microsoft.Maui.Graphics.Rect.Zero"}]},{"name":"Handler","type":"Microsoft.Maui.Controls.VisualElement.Handler"},{"name":"Shadow","type":"Microsoft.Maui.Controls.VisualElement.Shadow"},{"name":"ZIndex","type":"Microsoft.Maui.Controls.VisualElement.ZIndex"},{"name":"DesiredSize","type":"Microsoft.Maui.Controls.VisualElement.DesiredSize","values":[{"name":"Zero","type":"Microsoft.Maui.Graphics.Size.Zero"}]},{"name":"IsLoaded","type":"Microsoft.Maui.Controls.VisualElement.IsLoaded"},{"name":"Navigation","type":"Microsoft.Maui.Controls.NavigableElement.Navigation"},{"name":"Style","type":"Microsoft.Maui.Controls.NavigableElement.Style"},{"name":"StyleClass","type":"Microsoft.Maui.Controls.NavigableElement.StyleClass"},{"name":"class","type":"Microsoft.Maui.Controls.NavigableElement.class"},{"name":"AutomationId","type":"Microsoft.Maui.Controls.Element.AutomationId"},{"name":"ClassId","type":"Microsoft.Maui.Controls.Element.ClassId"},{"name":"Effects","type":"Microsoft.Maui.Controls.Element.Effects"},{"name":"Id","type":"Microsoft.Maui.Controls.Element.Id","values":[{"name":"Empty","type":"System.Guid.Empty"}]},{"name":"StyleId","type":"Microsoft.Maui.Controls.Element.StyleId"},{"name":"Parent","type":"Microsoft.Maui.Controls.Element.Parent"},{"name":"Handler","type":"Microsoft.Maui.Controls.Element.Handler"},{"name":"Dispatcher","type":"Microsoft.Maui.Controls.BindableObject.Dispatcher"},{"name":"BindingContext","type":"Microsoft.Maui.Controls.BindableObject.BindingContext"}]}],"timestamp":"01.02.2024. 13:22:06","target":"/Users/Shared/Projects/d/hw-tools/HolisticWare.Tools.Aspire.Hosting.Clients.Maui/samples/javier/20240131/ClientAppsIntegration.MAUI/ClientAppsIntegration.MAUI/bin/Debug/net8.0-maccatalyst/maccatalyst-arm64"}
