{"version":"4.0.6","xmlns":null,"assembly":"Microsoft.Maui.Controls.Compatibility","types":[{"name":"NativeViewWrapper","type":"Microsoft.Maui.Controls.Compatibility.Platform.iOS.NativeViewWrapper","doc":null,"attributes":[{"name":"ChildrenReordered","type":"Microsoft.Maui.Controls.VisualElement.EventHandler","isEvent":true},{"name":"Focused","type":"Microsoft.Maui.Controls.VisualElement.EventHandler\u00601","isEvent":true},{"name":"MeasureInvalidated","type":"Microsoft.Maui.Controls.VisualElement.EventHandler","isEvent":true},{"name":"SizeChanged","type":"Microsoft.Maui.Controls.VisualElement.EventHandler","isEvent":true},{"name":"Unfocused","type":"Microsoft.Maui.Controls.VisualElement.EventHandler\u00601","isEvent":true},{"name":"Loaded","type":"Microsoft.Maui.Controls.VisualElement.EventHandler","isEvent":true},{"name":"Unloaded","type":"Microsoft.Maui.Controls.VisualElement.EventHandler","isEvent":true},{"name":"ChildAdded","type":"Microsoft.Maui.Controls.Element.EventHandler\u00601","isEvent":true},{"name":"ChildRemoved","type":"Microsoft.Maui.Controls.Element.EventHandler\u00601","isEvent":true},{"name":"DescendantAdded","type":"Microsoft.Maui.Controls.Element.EventHandler\u00601","isEvent":true},{"name":"DescendantRemoved","type":"Microsoft.Maui.Controls.Element.EventHandler\u00601","isEvent":true},{"name":"ParentChanging","type":"Microsoft.Maui.Controls.Element.EventHandler\u00601","isEvent":true},{"name":"ParentChanged","type":"Microsoft.Maui.Controls.Element.EventHandler","isEvent":true},{"name":"HandlerChanging","type":"Microsoft.Maui.Controls.Element.EventHandler\u00601","isEvent":true},{"name":"HandlerChanged","type":"Microsoft.Maui.Controls.Element.EventHandler","isEvent":true},{"name":"PropertyChanged","type":"Microsoft.Maui.Controls.BindableObject.PropertyChangedEventHandler","isEvent":true},{"name":"PropertyChanging","type":"Microsoft.Maui.Controls.BindableObject.PropertyChangingEventHandler","isEvent":true},{"name":"BindingContextChanged","type":"Microsoft.Maui.Controls.BindableObject.EventHandler","isEvent":true},{"name":"GetDesiredSizeDelegate","type":"Microsoft.Maui.Controls.Compatibility.Platform.iOS.NativeViewWrapper.GetDesiredSizeDelegate"},{"name":"LayoutSubViews","type":"Microsoft.Maui.Controls.Compatibility.Platform.iOS.NativeViewWrapper.LayoutSubViews"},{"name":"NativeView","type":"Microsoft.Maui.Controls.Compatibility.Platform.iOS.NativeViewWrapper.NativeView"},{"name":"SizeThatFitsDelegate","type":"Microsoft.Maui.Controls.Compatibility.Platform.iOS.NativeViewWrapper.SizeThatFitsDelegate"},{"name":"GestureRecognizers","type":"Microsoft.Maui.Controls.View.GestureRecognizers"},{"name":"HorizontalOptions","type":"Microsoft.Maui.Controls.View.HorizontalOptions","values":[{"name":"Start","type":"Microsoft.Maui.Controls.LayoutOptions.Start"},{"name":"Center","type":"Microsoft.Maui.Controls.LayoutOptions.Center"},{"name":"End","type":"Microsoft.Maui.Controls.LayoutOptions.End"},{"name":"Fill","type":"Microsoft.Maui.Controls.LayoutOptions.Fill"},{"name":"StartAndExpand","type":"Microsoft.Maui.Controls.LayoutOptions.StartAndExpand","isObsolete":true},{"name":"CenterAndExpand","type":"Microsoft.Maui.Controls.LayoutOptions.CenterAndExpand","isObsolete":true},{"name":"EndAndExpand","type":"Microsoft.Maui.Controls.LayoutOptions.EndAndExpand","isObsolete":true},{"name":"FillAndExpand","type":"Microsoft.Maui.Controls.LayoutOptions.FillAndExpand","isObsolete":true}]},{"name":"Margin","type":"Microsoft.Maui.Controls.View.Margin","values":[{"name":"Zero","type":"Microsoft.Maui.Thickness.Zero"}]},{"name":"VerticalOptions","type":"Microsoft.Maui.Controls.View.VerticalOptions","values":[{"name":"Start","type":"Microsoft.Maui.Controls.LayoutOptions.Start"},{"name":"Center","type":"Microsoft.Maui.Controls.LayoutOptions.Center"},{"name":"End","type":"Microsoft.Maui.Controls.LayoutOptions.End"},{"name":"Fill","type":"Microsoft.Maui.Controls.LayoutOptions.Fill"},{"name":"StartAndExpand","type":"Microsoft.Maui.Controls.LayoutOptions.StartAndExpand","isObsolete":true},{"name":"CenterAndExpand","type":"Microsoft.Maui.Controls.LayoutOptions.CenterAndExpand","isObsolete":true},{"name":"EndAndExpand","type":"Microsoft.Maui.Controls.LayoutOptions.EndAndExpand","isObsolete":true},{"name":"FillAndExpand","type":"Microsoft.Maui.Controls.LayoutOptions.FillAndExpand","isObsolete":true}]},{"name":"Visual","type":"Microsoft.Maui.Controls.VisualElement.Visual"},{"name":"FlowDirection","type":"Microsoft.Maui.Controls.VisualElement.FlowDirection","values":[{"name":"value__","type":"Microsoft.Maui.FlowDirection.value__"},{"name":"MatchParent","type":"Microsoft.Maui.FlowDirection.MatchParent"},{"name":"LeftToRight","type":"Microsoft.Maui.FlowDirection.LeftToRight"},{"name":"RightToLeft","type":"Microsoft.Maui.FlowDirection.RightToLeft"}]},{"name":"Window","type":"Microsoft.Maui.Controls.VisualElement.Window"},{"name":"AnchorX","type":"Microsoft.Maui.Controls.VisualElement.AnchorX"},{"name":"AnchorY","type":"Microsoft.Maui.Controls.VisualElement.AnchorY"},{"name":"BackgroundColor","type":"Microsoft.Maui.Controls.VisualElement.BackgroundColor"},{"name":"Background","type":"Microsoft.Maui.Controls.VisualElement.Background"},{"name":"Behaviors","type":"Microsoft.Maui.Controls.VisualElement.Behaviors"},{"name":"Bounds","type":"Microsoft.Maui.Controls.VisualElement.Bounds","values":[{"name":"Zero","type":"Microsoft.Maui.Graphics.Rect.Zero"}]},{"name":"Height","type":"Microsoft.Maui.Controls.VisualElement.Height"},{"name":"HeightRequest","type":"Microsoft.Maui.Controls.VisualElement.HeightRequest"},{"name":"InputTransparent","type":"Microsoft.Maui.Controls.VisualElement.InputTransparent"},{"name":"IsEnabled","type":"Microsoft.Maui.Controls.VisualElement.IsEnabled"},{"name":"IsFocused","type":"Microsoft.Maui.Controls.VisualElement.IsFocused"},{"name":"IsVisible","type":"Microsoft.Maui.Controls.VisualElement.IsVisible"},{"name":"MinimumHeightRequest","type":"Microsoft.Maui.Controls.VisualElement.MinimumHeightRequest"},{"name":"MinimumWidthRequest","type":"Microsoft.Maui.Controls.VisualElement.MinimumWidthRequest"},{"name":"MaximumHeightRequest","type":"Microsoft.Maui.Controls.VisualElement.MaximumHeightRequest"},{"name":"MaximumWidthRequest","type":"Microsoft.Maui.Controls.VisualElement.MaximumWidthRequest"},{"name":"Opacity","type":"Microsoft.Maui.Controls.VisualElement.Opacity"},{"name":"Rotation","type":"Microsoft.Maui.Controls.VisualElement.Rotation"},{"name":"RotationX","type":"Microsoft.Maui.Controls.VisualElement.RotationX"},{"name":"RotationY","type":"Microsoft.Maui.Controls.VisualElement.RotationY"},{"name":"Scale","type":"Microsoft.Maui.Controls.VisualElement.Scale"},{"name":"ScaleX","type":"Microsoft.Maui.Controls.VisualElement.ScaleX"},{"name":"ScaleY","type":"Microsoft.Maui.Controls.VisualElement.ScaleY"},{"name":"TranslationX","type":"Microsoft.Maui.Controls.VisualElement.TranslationX"},{"name":"TranslationY","type":"Microsoft.Maui.Controls.VisualElement.TranslationY"},{"name":"Triggers","type":"Microsoft.Maui.Controls.VisualElement.Triggers"},{"name":"Width","type":"Microsoft.Maui.Controls.VisualElement.Width"},{"name":"WidthRequest","type":"Microsoft.Maui.Controls.VisualElement.WidthRequest"},{"name":"X","type":"Microsoft.Maui.Controls.VisualElement.X"},{"name":"Y","type":"Microsoft.Maui.Controls.VisualElement.Y"},{"name":"Clip","type":"Microsoft.Maui.Controls.VisualElement.Clip"},{"name":"Resources","type":"Microsoft.Maui.Controls.VisualElement.Resources"},{"name":"Frame","type":"Microsoft.Maui.Controls.VisualElement.Frame","values":[{"name":"Zero","type":"Microsoft.Maui.Graphics.Rect.Zero"}]},{"name":"Handler","type":"Microsoft.Maui.Controls.VisualElement.Handler"},{"name":"Shadow","type":"Microsoft.Maui.Controls.VisualElement.Shadow"},{"name":"ZIndex","type":"Microsoft.Maui.Controls.VisualElement.ZIndex"},{"name":"DesiredSize","type":"Microsoft.Maui.Controls.VisualElement.DesiredSize","values":[{"name":"Zero","type":"Microsoft.Maui.Graphics.Size.Zero"}]},{"name":"IsLoaded","type":"Microsoft.Maui.Controls.VisualElement.IsLoaded"},{"name":"Navigation","type":"Microsoft.Maui.Controls.NavigableElement.Navigation"},{"name":"Style","type":"Microsoft.Maui.Controls.NavigableElement.Style"},{"name":"StyleClass","type":"Microsoft.Maui.Controls.NavigableElement.StyleClass"},{"name":"class","type":"Microsoft.Maui.Controls.NavigableElement.class"},{"name":"AutomationId","type":"Microsoft.Maui.Controls.Element.AutomationId"},{"name":"ClassId","type":"Microsoft.Maui.Controls.Element.ClassId"},{"name":"Effects","type":"Microsoft.Maui.Controls.Element.Effects"},{"name":"Id","type":"Microsoft.Maui.Controls.Element.Id","values":[{"name":"Empty","type":"System.Guid.Empty"}]},{"name":"StyleId","type":"Microsoft.Maui.Controls.Element.StyleId"},{"name":"Parent","type":"Microsoft.Maui.Controls.Element.Parent"},{"name":"Handler","type":"Microsoft.Maui.Controls.Element.Handler"},{"name":"Dispatcher","type":"Microsoft.Maui.Controls.BindableObject.Dispatcher"},{"name":"BindingContext","type":"Microsoft.Maui.Controls.BindableObject.BindingContext"}]},{"name":"Platform","type":"Microsoft.Maui.Controls.Compatibility.Platform.iOS.Platform","doc":null,"attributes":[{"name":"PropertyChanged","type":"Microsoft.Maui.Controls.BindableObject.PropertyChangedEventHandler","isEvent":true},{"name":"PropertyChanging","type":"Microsoft.Maui.Controls.BindableObject.PropertyChangingEventHandler","isEvent":true},{"name":"BindingContextChanged","type":"Microsoft.Maui.Controls.BindableObject.EventHandler","isEvent":true},{"name":"Dispatcher","type":"Microsoft.Maui.Controls.BindableObject.Dispatcher"},{"name":"BindingContext","type":"Microsoft.Maui.Controls.BindableObject.BindingContext"},{"name":"NativeSize","type":"Microsoft.Maui.Controls.Compatibility.Platform.iOS.Platform.NativeSize","isAttached":true},{"name":"Renderer","type":"Microsoft.Maui.Controls.Compatibility.Platform.iOS.Platform.Renderer","isAttached":true}]},{"name":"EmbeddedApplication","type":"Microsoft.Maui.Controls.Compatibility.EmbeddedApplication","doc":null,"attributes":[{"name":"RequestedThemeChanged","type":"Microsoft.Maui.Controls.Application.EventHandler\u00601","isEvent":true},{"name":"ModalPopped","type":"Microsoft.Maui.Controls.Application.EventHandler\u00601","isEvent":true},{"name":"ModalPopping","type":"Microsoft.Maui.Controls.Application.EventHandler\u00601","isEvent":true},{"name":"ModalPushed","type":"Microsoft.Maui.Controls.Application.EventHandler\u00601","isEvent":true},{"name":"ModalPushing","type":"Microsoft.Maui.Controls.Application.EventHandler\u00601","isEvent":true},{"name":"PageAppearing","type":"Microsoft.Maui.Controls.Application.EventHandler\u00601","isEvent":true},{"name":"PageDisappearing","type":"Microsoft.Maui.Controls.Application.EventHandler\u00601","isEvent":true},{"name":"ChildAdded","type":"Microsoft.Maui.Controls.Element.EventHandler\u00601","isEvent":true},{"name":"ChildRemoved","type":"Microsoft.Maui.Controls.Element.EventHandler\u00601","isEvent":true},{"name":"DescendantAdded","type":"Microsoft.Maui.Controls.Element.EventHandler\u00601","isEvent":true},{"name":"DescendantRemoved","type":"Microsoft.Maui.Controls.Element.EventHandler\u00601","isEvent":true},{"name":"ParentChanging","type":"Microsoft.Maui.Controls.Element.EventHandler\u00601","isEvent":true},{"name":"ParentChanged","type":"Microsoft.Maui.Controls.Element.EventHandler","isEvent":true},{"name":"HandlerChanging","type":"Microsoft.Maui.Controls.Element.EventHandler\u00601","isEvent":true},{"name":"HandlerChanged","type":"Microsoft.Maui.Controls.Element.EventHandler","isEvent":true},{"name":"PropertyChanged","type":"Microsoft.Maui.Controls.BindableObject.PropertyChangedEventHandler","isEvent":true},{"name":"PropertyChanging","type":"Microsoft.Maui.Controls.BindableObject.PropertyChangingEventHandler","isEvent":true},{"name":"BindingContextChanged","type":"Microsoft.Maui.Controls.BindableObject.EventHandler","isEvent":true},{"name":"AppLinks","type":"Microsoft.Maui.Controls.Application.AppLinks"},{"name":"MainPage","type":"Microsoft.Maui.Controls.Application.MainPage"},{"name":"Resources","type":"Microsoft.Maui.Controls.Application.Resources"},{"name":"UserAppTheme","type":"Microsoft.Maui.Controls.Application.UserAppTheme","values":[{"name":"value__","type":"Microsoft.Maui.ApplicationModel.AppTheme.value__"},{"name":"Unspecified","type":"Microsoft.Maui.ApplicationModel.AppTheme.Unspecified"},{"name":"Light","type":"Microsoft.Maui.ApplicationModel.AppTheme.Light"},{"name":"Dark","type":"Microsoft.Maui.ApplicationModel.AppTheme.Dark"}]},{"name":"PlatformAppTheme","type":"Microsoft.Maui.Controls.Application.PlatformAppTheme","values":[{"name":"value__","type":"Microsoft.Maui.ApplicationModel.AppTheme.value__"},{"name":"Unspecified","type":"Microsoft.Maui.ApplicationModel.AppTheme.Unspecified"},{"name":"Light","type":"Microsoft.Maui.ApplicationModel.AppTheme.Light"},{"name":"Dark","type":"Microsoft.Maui.ApplicationModel.AppTheme.Dark"}]},{"name":"RequestedTheme","type":"Microsoft.Maui.Controls.Application.RequestedTheme","values":[{"name":"value__","type":"Microsoft.Maui.ApplicationModel.AppTheme.value__"},{"name":"Unspecified","type":"Microsoft.Maui.ApplicationModel.AppTheme.Unspecified"},{"name":"Light","type":"Microsoft.Maui.ApplicationModel.AppTheme.Light"},{"name":"Dark","type":"Microsoft.Maui.ApplicationModel.AppTheme.Dark"}]},{"name":"Windows","type":"Microsoft.Maui.Controls.Application.Windows"},{"name":"AutomationId","type":"Microsoft.Maui.Controls.Element.AutomationId"},{"name":"ClassId","type":"Microsoft.Maui.Controls.Element.ClassId"},{"name":"Effects","type":"Microsoft.Maui.Controls.Element.Effects"},{"name":"Id","type":"Microsoft.Maui.Controls.Element.Id","values":[{"name":"Empty","type":"System.Guid.Empty"}]},{"name":"StyleId","type":"Microsoft.Maui.Controls.Element.StyleId"},{"name":"Parent","type":"Microsoft.Maui.Controls.Element.Parent"},{"name":"Handler","type":"Microsoft.Maui.Controls.Element.Handler"},{"name":"Dispatcher","type":"Microsoft.Maui.Controls.BindableObject.Dispatcher"},{"name":"BindingContext","type":"Microsoft.Maui.Controls.BindableObject.BindingContext"}]}],"timestamp":"01.02.2024. 13:22:07","target":"/Users/Shared/Projects/d/hw-tools/HolisticWare.Tools.Aspire.Hosting.Clients.Maui/samples/javier/20240131/ClientAppsIntegration.MAUI/ClientAppsIntegration.MAUI/bin/Debug/net8.0-maccatalyst/maccatalyst-arm64"}
